PULocationID,trips,revenue,avg_revenue,avg_fare_per_mile,avg_duration_per_mile,avg_tip_rate,Zone,Borough
1,77,6883.3,89.3935064935065,2038.9206952483573,7.459618340361968,0.7398984330117667,Newark Airport,EWR
2,5,314.17,62.834,8.487323223843545,2.810081760881708,0.08788811909533352,Jamaica Bay,Queens
3,154,5668.63,36.809285714285714,12.998568925904324,10.17411749085227,0.005598225843693649,Allerton/Pelham Gardens,Bronx
4,6548,151776.87,23.179118814905316,17.919071514615737,12.57935016812491,0.10972197386817108,Alphabet City,Manhattan
5,2,193.34,96.67,4.542549379794592,2.9694816484501474,0.0,Arden Heights,Staten Island
6,78,2265.7,29.047435897435896,1.9267910746514347,3.227076415603797,0.013423584240485648,Arrochar/Fort Wadsworth,Staten Island
7,2564,68433.2,26.690015600624022,27.008640239382313,10.208613487393984,0.06529473745964828,Astoria,Queens
8,19,1252.78,65.93578947368421,9.936598030692538,5.189639254821381,0.19949267932077128,Astoria Park,Queens
9,93,2916.16,31.356559139784945,8.895301141928302,6.536740281194467,0.03048691342786378,Auburndale,Queens
10,1146,70191.28,61.24893542757417,32.30105725655177,4.131839238521273,0.07098995753519174,Baisley Park,Queens
11,134,4213.96,31.447462686567164,23.810444081624105,5.894223113791939,0.0,Bath Beach,Brooklyn
12,851,26864.51,31.568166862514687,22.90172354335834,15.383641904774038,0.23451088262955497,Battery Park,Manhattan
13,19192,596532.95,31.08237546894539,26.814276089374005,19.82567528006946,0.18113015532938118,Battery Park City,Manhattan
14,787,26379.27,33.51876747141042,13.002847349369498,11.187214903976708,0.047041957583624526,Bay Ridge,Brooklyn
15,75,2642.89,35.23853333333333,5.6948686575253955,3.411718663584331,0.018550656420431744,Bay Terrace/Fort Totten,Queens
16,101,3320.67,32.87792079207921,91.00493217861994,4.198890988725222,0.007893346846153284,Bayside,Queens
17,1280,35793.16,27.963406250000002,24.276603020463398,20.78366181906688,0.019245999302182307,Bedford,Brooklyn
18,294,10145.35,34.507993197278914,5.137962670250455,5.122536459698305,0.0,Bedford Park,Bronx
19,193,6559.57,33.98740932642487,27.575462848566893,19.54928818520773,0.011416297299085677,Bellerose,Queens
20,176,6230.38,35.39988636363636,17.665973092520193,18.86134670999768,0.009393821206590892,Belmont,Bronx
21,261,8426.44,32.28521072796935,10.16596243002055,7.432320341760964,0.0033697079502971396,Bensonhurst East,Brooklyn
22,297,8823.09,29.70737373737374,66.40878766023046,13.311340147813391,0.003045995124097379,Bensonhurst West,Brooklyn
23,10,497.24,49.724000000000004,499.807503992071,347.19329234196005,0.0,Bloomfield/Emerson Hill,Staten Island
24,7829,170111.41,21.7283701622174,19.29706869983146,14.436839755309618,0.16871312677719585,Bloomingdale,Manhattan
25,1897,54552.49,28.757243015287294,36.117388764483884,31.942674930772807,0.09653397673216065,Boerum Hill,Brooklyn
26,595,15765.81,26.497159663865546,27.30513868193126,24.330013110030684,0.0002678831005219221,Borough Park,Brooklyn
27,3,265.58,88.52666666666666,10.45356084133258,2.289606076290859,0.06769230769230769,Breezy Point/Fort Tilden/Riis Beach,Queens
28,588,25593.05,43.525595238095235,46.06808975387018,4.728214020781063,0.04049178432814904,Briarwood/Jamaica Hills,Queens
29,218,8069.79,37.01738532110092,17.126957231695236,9.758950182571391,0.0020588686618599936,Brighton Beach,Brooklyn
30,10,456.3,45.63,277.457043052695,207.0492490472331,0.002793296089385475,Broad Channel,Queens
31,27,922.18,34.15481481481481,32.33587771302629,4.764149006494225,0.07417353359183242,Bronx Park,Bronx
32,203,7618.849999999999,37.531280788177334,6.244279959690642,6.753791489135232,0.0,Bronxdale,Bronx
33,2107,66060.38,31.35281442809682,39.3856532939987,30.69968196945271,0.08042629592158762,Brooklyn Heights,Brooklyn
34,178,5127.0,28.803370786516854,88.06650991148099,71.87223543764593,0.045342484757287846,Brooklyn Navy Yard,Brooklyn
35,1312,37399.0,28.505335365853657,9.949038022646716,10.445755699382515,0.0,Brownsville,Brooklyn
36,1009,28273.329999999998,28.021139742319125,12.192818242145876,8.44912138121772,0.021629446017684188,Bushwick North,Brooklyn
37,1455,41924.93,28.814384879725086,20.369923361788075,16.02542178962265,0.01677406087667872,Bushwick South,Brooklyn
38,183,8774.44,47.94775956284153,30.108426988682833,6.022151267529187,0.0060883216994441,Cambria Heights,Queens
39,1643,50285.21,30.60572732805843,9.007353402688,8.859374829471252,0.0022171140355817126,Canarsie,Brooklyn
40,645,19507.33,30.243922480620157,12.485170912471528,11.346219248813949,0.0681382438648157,Carroll Gardens,Brooklyn
41,9395,200371.4,21.32745077168707,23.432439224469704,17.33313985395759,0.08520181099226024,Central Harlem,Manhattan
42,4994,117137.49,23.455644773728476,32.862740221895095,19.943842028710463,0.030058274404995623,Central Harlem North,Manhattan
43,46224,1041808.2,22.538252855659398,11.481002094441457,8.698359611001699,0.21885831594771682,Central Park,Manhattan
45,5417,148241.92,27.366055011999265,22.551859571372738,15.519698211737909,0.13991700236242943,Chinatown,Manhattan
46,20,960.63,48.0315,3.758725494581449,3.2065419862593068,0.013014861995753715,City Island,Bronx
47,307,10385.93,33.83039087947883,16.878261342673866,11.396125368073882,0.0006837779304992909,Claremont/Bathgate,Bronx
48,78485,1809080.1,23.050010830094923,14.01009888899543,8.464377343898668,0.20906606077263257,Clinton East,Manhattan
49,1163,34099.54,29.320326741186587,24.899413012101224,21.78533776465785,0.03523879509811221,Clinton Hill,Brooklyn
50,16573,370464.34,22.353486996922708,15.389363253111172,11.788691717764998,0.1772813337400936,Clinton West,Manhattan
51,532,21540.06,40.48883458646617,9.513545976496369,8.395806772262256,0.0004354348514965574,Co-Op City,Bronx
52,687,20112.329999999998,29.27558951965065,26.549100987124916,22.19318775800227,0.09080391143305523,Cobble Hill,Brooklyn
53,172,6546.8,38.06279069767442,6.723381138095942,4.159263327469772,0.039771156187295924,College Point,Queens
54,196,6600.11,33.6740306122449,43.63958529773831,21.604657856903202,0.030419665324680236,Columbia Street,Brooklyn
55,616,24187.65,39.265665584415586,8.222065527563455,9.133757936340043,0.002769322981199769,Coney Island,Brooklyn
56,554,21054.42,38.004368231046925,28.61825417553942,13.821381055176717,0.019133388533812055,Corona,Queens
57,27,833.21,30.85962962962963,47.7456941042131,53.70174810698016,0.009351851851851853,Corona,Queens
58,21,880.04,41.906666666666666,3.9572819685277674,2.884709000618817,0.02385873904743775,Country Club,Bronx
59,7,247.7,35.385714285714286,5.451582385905418,4.718681121424602,0.0,Crotona Park,Bronx
60,235,7981.74,33.964851063829784,14.387519632710056,16.82096711967196,0.0032733224222585926,Crotona Park East,Bronx
61,2595,74025.86,28.5263429672447,17.810168040778173,16.753958039721585,0.011054689660324163,Crown Heights North,Brooklyn
62,821,23380.96,28.478635809987818,19.62191032824072,12.74337683395157,0.010776120525979323,Crown Heights South,Brooklyn
63,557,16970.2,30.467145421903055,11.358427801585771,10.085456093209132,0.0009287924351257761,Cypress Hills,Brooklyn
64,79,3076.47,38.9426582278481,33.91745764281594,2.649726466974201,0.015585473065286282,Douglaston,Queens
65,2210,67168.91,30.393171945701358,46.47465110054933,34.47423484899624,0.08395896610305739,Downtown Brooklyn/MetroTech,Brooklyn
66,1710,51650.24,30.20481871345029,46.6092143927321,34.874597254734084,0.07024304977888295,DUMBO/Vinegar Hill,Brooklyn
67,183,5830.71,31.861803278688523,8.00942689144776,5.899743344530663,0.008843848738131967,Dyker Heights,Brooklyn
68,84965,2089228.1199999999,24.58927935032072,14.399454415873818,10.83303232887555,0.20849856757337162,East Chelsea,Manhattan
69,701,22020.35,31.41276747503566,39.594248649784284,21.75640123764436,0.0038977234734213933,East Concourse/Concourse Village,Bronx
70,9255,593546.51,64.13252404105889,13.503684713301277,3.0424227370790025,0.2057804468706021,East Elmhurst,Queens
71,1037,29742.579999999998,28.68136933461909,10.577048893093975,10.746462964655848,0.0017535142026919954,East Flatbush/Farragut,Brooklyn
72,1263,34997.08,27.70948535233571,14.744242911732629,13.57188844690509,0.0008012992001311633,East Flatbush/Remsen Village,Brooklyn
73,65,1606.9,24.72153846153846,4.806642152563323,4.587815133393264,0.0,East Flushing,Queens
74,7777,169680.24,21.818212678410696,21.157485456160632,14.19349834711423,0.06963557427259986,East Harlem North,Manhattan
75,21010,442887.8,21.079857210851976,19.822500506787055,14.327198349827103,0.13957759307980563,East Harlem South,Manhattan
76,2384,72354.94,30.350226510067117,14.219199766859287,11.061497267218536,0.0018251311138063908,East New York,Brooklyn
77,599,17772.18,29.66974958263773,14.599773509037563,10.727536774373833,0.0004492024308309016,East New York/Pennsylvania Avenue,Brooklyn
78,325,10892.289999999999,33.51473846153846,14.848778200118549,15.533450974613734,0.002555962555962556,East Tremont,Bronx
79,75757,1681546.75,22.196585794052034,13.07305077011314,9.018165526625134,0.18709694450465802,East Village,Manhattan
80,1474,44626.03,30.27546132971506,26.72510913593601,10.816110664254053,0.03721975452039472,East Williamsburg,Brooklyn
81,220,8302.69,37.7395,6.020345068253283,4.763372811447052,0.0016081921880400966,Eastchester,Bronx
82,1262,40494.96,32.08792393026941,38.669587068085335,18.357938569237678,0.021016267418080603,Elmhurst,Queens
83,428,14750.33,34.46338785046729,33.07910162085188,10.336999479292846,0.03226616447360407,Elmhurst/Maspeth,Queens
85,618,17776.92,28.7652427184466,14.859311104188325,15.326822478057979,0.0038981460285196787,Erasmus,Brooklyn
86,363,18180.57,50.08421487603306,4.915579332200153,5.037521428021735,0.0010569245770283143,Far Rockaway,Queens
87,15734,474650.65,30.167195245964155,28.72450131735093,19.569580022520398,0.1575847878975039,Financial District North,Manhattan
88,8556,270490.29,31.61410589060308,28.029811238375945,20.547685451181273,0.14783121342106648,Financial District South,Manhattan
89,1614,47387.8,29.360470879801735,9.628535341729506,10.168884461328014,0.004685281487322013,Flatbush/Ditmas Park,Brooklyn
90,49353,1071217.61,21.705217717261363,14.562068851958784,10.668688049943894,0.2153155683059766,Flatiron,Manhattan
91,1056,30274.77,28.66928977272727,10.933963834719657,10.515342527062709,0.001981487473886563,Flatlands,Brooklyn
92,483,15448.71,31.984906832298133,23.364706504883888,18.443258770844015,0.007262139719456377,Flushing,Queens
93,487,39408.74,80.92143737166325,95.8760763462247,2.341624320087853,0.12900447967445544,Flushing Meadows-Corona Park,Queens
94,139,4772.64,34.335539568345325,18.731835841876862,6.265662076390785,0.0,Fordham South,Bronx
95,1107,31889.25,28.806910569105693,46.83860995389303,35.35941166438858,0.014974257467425403,Forest Hills,Queens
96,22,573.72,26.078181818181818,12.432897048548284,4.174330029838564,0.05268285323310899,Forest Park/Highland Park,Queens
97,2100,57433.49,27.34928095238095,34.97834493477437,30.136621030764708,0.054763323683638794,Fort Greene,Brooklyn
98,136,4209.37,30.951249999999998,12.760310391547717,10.322778828164896,0.0064181976511665274,Fresh Meadows,Queens
99,1,15.3,15.3,4.571428571428572,2.922619047619048,0.0,Freshkills Park,Staten Island
100,46990,1122874.59,23.89603298574165,15.464574060532113,10.92820703466951,0.20168601847222264,Garment District,Manhattan
101,149,5419.58,36.373020134228184,3.7149973303454127,3.4354000978795574,0.006171772140445735,Glen Oaks,Queens
102,273,7310.42,26.77809523809524,13.309204126463696,10.45619587331723,0.005497538824191299,Glendale,Queens
106,402,11776.03,29.29360696517413,45.142396687985226,38.05035713660509,0.02552179098256334,Gowanus,Brooklyn
107,63949,1385654.2,21.668113653067287,14.65940044281834,11.103443157194265,0.20752090820157879,Gramercy,Manhattan
108,219,7756.75,35.4189497716895,23.072107305053603,20.85017054579718,0.0,Gravesend,Brooklyn
109,4,246.48000000000002,61.620000000000005,2.9238518912127427,3.263177626575713,0.0,Great Kills,Staten Island
111,1,26.45,26.45,4.1862416107382545,3.6437360178970915,0.0,Green-Wood Cemetery,Brooklyn
112,1400,37384.4,26.703142857142858,26.364755881158867,15.255943727525167,0.04599278510377646,Greenpoint,Brooklyn
113,46120,998643.98,21.653165221162187,13.783350316424553,10.223547704627236,0.21361102176715066,Greenwich Village North,Manhattan
114,49994,1120313.52,22.408959475137017,12.680704384375339,8.907107789806044,0.19952033991689366,Greenwich Village South,Manhattan
115,9,433.52,48.16888888888889,167.58648679373115,122.83749752627584,0.07270926547352723,Grymes Hill/Clifton,Staten Island
116,3050,76626.68,25.12350163934426,30.27867448329763,23.161224959524045,0.057294536465735305,Hamilton Heights,Manhattan
117,330,16219.11,49.148818181818186,6.137007984364302,6.689043025675611,0.00031532809888689187,Hammels/Arverne,Queens
118,6,330.75,55.125,2.7322601988599255,2.27077760340208,0.0,Heartland Village/Todt Hill,Staten Island
119,412,13658.25,33.151092233009706,27.235623251940492,24.396304055191727,0.009905917961532566,Highbridge,Bronx
120,20,1228.77,61.4385,103.04925361462195,5.232505703300324,0.07971451408363914,Highbridge Park,Manhattan
121,309,10340.41,33.464110032362456,5.820951175456764,5.237915214700559,0.015308813717269559,Hillcrest/Pomonok,Queens
122,177,6036.0199999999995,34.10180790960452,16.630770592864984,14.776451998956762,0.0,Hollis,Queens
123,338,10134.289999999999,29.983106508875736,10.18964859374995,11.059221806673426,0.003851630798156328,Homecrest,Brooklyn
124,298,11357.45,38.11224832214765,34.22796109547102,4.026823017142769,0.020773124731365233,Howard Beach,Queens
125,15601,372455.22,23.873804243317736,20.593184334622205,14.4979884584871,0.2025759058920513,Hudson Sq,Manhattan
126,265,8096.76,30.55381132075472,69.44643666984834,72.96037702052948,0.008400668444523541,Hunts Point,Bronx
127,353,11355.5,32.168555240793204,40.64580612509052,26.883140896641322,0.014897274165524364,Inwood,Manhattan
128,25,915.3199999999999,36.6128,4.932028097096541,4.0520688483766145,0.1203777225832506,Inwood Hill Park,Manhattan
129,1815,63413.59,34.9386170798898,95.7871189948967,20.67019039404532,0.05075883520816017,Jackson Heights,Queens
130,1936,64755.08,33.44787190082645,24.924534713337017,19.010836312453428,0.021282150963230526,Jamaica,Queens
131,315,10715.789999999999,34.01838095238095,34.10735500825466,26.53108988356653,0.005006557504896925,Jamaica Estates,Queens
132,134237,10860418.66,80.90480761637998,17.86628848545284,2.7372861707374363,0.14300043108940005,JFK Airport,Queens
133,403,11955.38,29.66595533498759,50.03310980298887,41.900908639139516,0.007500617510329394,Kensington,Brooklyn
134,593,26772.98,45.148364249578414,195.27147633011904,10.22455417245528,0.0444491018341006,Kew Gardens,Queens
135,283,9270.19,32.75685512367491,11.98379781867684,8.491596042176862,0.009583789557534311,Kew Gardens Hills,Queens
136,248,8476.98,34.181370967741934,5.720835258737951,5.946790117212944,0.0048650566548650255,Kingsbridge Heights,Bronx
137,36002,788744.16,21.908342869840567,16.918534795219482,13.615688657316953,0.18800144238177297,Kips Bay,Manhattan
138,85929,6605779.98,76.87486157176274,16.14526630516237,2.8784836753956564,0.21897859030050676,LaGuardia Airport,Queens
139,212,8368.869999999999,39.475801886792446,4.60985956454988,4.283653291587976,0.0,Laurelton,Queens
140,70441,1575097.1,22.360515892732927,14.7557220367816,11.597003361653677,0.20283395496407317,Lenox Hill East,Manhattan
141,77123,1535446.79,19.909064611075813,13.32808312860821,9.643639304651623,0.2155926999889109,Lenox Hill West,Manhattan
142,104944,2271205.59,21.64207186690044,10.60187884946287,7.660562614806634,0.22493722170365496,Lincoln Square East,Manhattan
143,35847,755203.09,21.06740006137194,15.002538129169164,10.275821953851732,0.19869527409425428,Lincoln Square West,Manhattan
144,33859,792967.95,23.419709678372072,15.219775441484865,11.272600661798108,0.17884408076376102,Little Italy/NoLiTa,Manhattan
145,2406,91296.42,37.94531172069826,35.60399263435525,21.57305277353511,0.06178151318227059,Long Island City/Hunters Point,Queens
146,1522,40458.39,26.582385019710905,31.271259261715837,18.405852295932895,0.08192063769053591,Long Island City/Queens Plaza,Queens
147,204,6418.42,31.462843137254904,8.669917790944908,6.168083460797885,0.0011715294794801148,Longwood,Bronx
148,33983,831225.59,24.4600414913339,12.743912587087685,7.921877216141252,0.16828576928606853,Lower East Side,Manhattan
149,251,7548.88,30.075219123505978,9.352918901479713,7.650389922503022,0.0040671803949739365,Madison,Brooklyn
150,121,3918.61,32.38520661157025,21.35314810413073,11.203415827206149,0.006935851876690493,Manhattan Beach,Brooklyn
151,24997,516611.29,20.666931631795816,15.255597961639765,10.741974917630552,0.1837668212707337,Manhattan Valley,Manhattan
152,2213,50928.31,23.01324446452779,27.1715982040448,21.469587331502197,0.06685303258926965,Manhattanville,Manhattan
153,54,1572.8,29.125925925925927,5.555524088946767,5.239284391257093,0.004956977179199401,Marble Hill,Manhattan
154,45,1419.88,31.55288888888889,26.116006766194975,3.26819976331973,0.019923386991951526,Marine Park/Floyd Bennett Field,Brooklyn
155,518,16158.789999999999,31.194575289575287,16.242618909858507,7.149283733299654,0.009134219417838001,Marine Park/Mill Basin,Brooklyn
156,3,225.97,75.32333333333334,2.5102314247825084,2.468943894640489,0.0,Mariners Harbor,Staten Island
157,683,27215.66,39.84723279648609,19.939361714083645,4.783914527729983,0.08638135673714935,Maspeth,Queens
158,30637,735928.06,24.020891732219212,14.280116667641744,10.722642286040829,0.18149959536632126,Meatpacking/West Village West,Manhattan
159,582,16262.99,27.94328178694158,30.11649525778214,29.31691480730415,0.00911382235448632,Melrose South,Bronx
160,332,10707.41,32.25123493975904,16.918475139188207,4.695075618301364,0.019285277777623663,Middle Village,Queens
161,159945,3833198.19,23.96572690612398,14.37988003716487,11.270581330352154,0.21665579502533605,Midtown Center,Manhattan
162,111665,2636293.89,23.608954372453322,13.121396912910653,10.322827348760546,0.22506723368670323,Midtown East,Manhattan
163,90785,2196509.17,24.194626535220575,14.092710780147291,9.514594728651085,0.21995006983726564,Midtown North,Manhattan
164,70266,1655288.13,23.557454956878146,16.10997266888306,11.95737986410349,0.20643411293297795,Midtown South,Manhattan
165,494,13935.17,28.208846153846153,11.02117097320339,12.03583336701901,0.002917302708101855,Midwood,Brooklyn
166,14297,324589.92,22.703358746590194,23.640742740131092,17.63418081321958,0.15740859795386702,Morningside Heights,Manhattan
167,430,12938.13,30.08867441860465,10.182269549614466,15.190861136139803,0.002151014839758335,Morrisania/Melrose,Bronx
168,1122,31923.11,28.451969696969698,38.237568048337444,28.421563289070313,0.008912449374136495,Mott Haven/Port Morris,Bronx
169,374,11762.41,31.450294117647058,35.43162839689989,12.719336918359216,0.0016700713928068387,Mount Hope,Bronx
170,88907,2051088.76,23.070048027714353,15.647105364720325,11.675629468521025,0.2096495690844536,Murray Hill,Manhattan
171,146,4722.8,32.347945205479455,40.80685295835623,27.864901132767546,0.007349658748048978,Murray Hill-Queens,Queens
172,11,373.76,33.97818181818182,3.4203576970068785,2.9133982095672195,0.0,New Dorp/Midland Beach,Staten Island
173,278,7939.94,28.56093525179856,8.45171073666838,7.3615612340722505,0.005993614691784089,North Corona,Queens
174,251,9268.39,36.925856573705175,57.31648851370492,43.09862979548494,0.00035257201283362126,Norwood,Bronx
175,111,4322.56,38.94198198198198,13.924334127063512,10.907849720162083,0.00992461475351606,Oakland Gardens,Queens
176,2,122.46000000000001,61.230000000000004,3.694017947011959,2.2411658165151183,0.2112219451371571,Oakwood,Staten Island
177,1011,30815.67,30.480385756676554,20.585688501915875,17.481538675626116,0.006138458616277587,Ocean Hill,Brooklyn
178,113,2881.56,25.500530973451326,6.963035887044438,7.877555966732253,0.002622091117666339,Ocean Parkway South,Brooklyn
179,1129,31965.75,28.313330380868024,10.92329504039543,8.987099722466132,0.03968963588690433,Old Astoria,Queens
180,264,7441.55,28.187689393939394,47.08462203431717,7.7889636017870485,0.006460340390291994,Ozone Park,Queens
181,1846,52163.33,28.257491874322863,30.6708771830252,25.759174493828166,0.04871001381829212,Park Slope,Brooklyn
182,535,18797.45,35.13542056074766,10.641279496940586,11.244217913258794,0.0014116172292335531,Parkchester,Bronx
183,98,3711.1,37.868367346938776,4.261138984559865,4.302165586481302,0.002140603875619649,Pelham Bay,Bronx
184,14,375.21000000000004,26.80071428571429,4.16100547536959,3.524342583849169,0.0,Pelham Bay Park,Bronx
185,190,6049.54,31.839684210526315,12.945654304435777,11.580168242729915,0.0023331322504648493,Pelham Parkway,Bronx
186,112983,2710303.77,23.988598019171025,11.676049421475676,9.458669679843696,0.21458202935624945,Penn Station/Madison Sq West,Manhattan
187,2,113.61,56.805,28.843354430379744,7.640417072379098,0.0,Port Richmond,Staten Island
188,1797,50591.97,28.15357262103506,25.37160966553039,24.053410003765553,0.008097758784730758,Prospect-Lefferts Gardens,Brooklyn
189,644,18329.92,28.46260869565217,41.492073486762244,39.326090062451875,0.06275244744252075,Prospect Heights,Brooklyn
190,75,2042.85,27.238,30.168726733670738,28.833723522555058,0.040102048477055015,Prospect Park,Brooklyn
191,396,14163.81,35.76719696969697,6.260422147967827,4.3525995114978615,0.0016016820914210677,Queens Village,Queens
192,117,3466.2799999999997,29.626324786324783,12.910447692260295,4.931878788347062,0.004514288070409224,Queensboro Hill,Queens
193,706,18022.75,25.527974504249293,53.22049830930019,31.95766476962378,0.05383754822098348,Queensbridge/Ravenswood,Queens
194,93,5606.87,60.288924731182796,181.02482560136838,61.67264829626523,0.1437361869851462,Randalls Island,Manhattan
195,654,34563.71,52.84970948012232,60.973627577455126,18.446764798167486,0.05561534294730132,Red Hook,Brooklyn
196,476,16444.01,34.54623949579832,51.43621063058693,14.395123160374192,0.02343735325721833,Rego Park,Queens
197,1609,56291.62,34.985469235550035,110.84011617807079,11.227396640764333,0.016488295581293836,Richmond Hill,Queens
198,569,16258.7,28.574165202108965,22.669846150477298,14.949441263273888,0.01164151693392798,Ridgewood,Queens
199,1,84.47,84.47,4.022906227630637,2.517298973991887,0.2505338078291815,Rikers Island,Bronx
200,130,5151.77,39.629000000000005,4.271405909159197,4.088564191971705,0.014568335468877387,Riverdale/North Riverdale/Fieldston,Bronx
201,121,6048.89,49.99082644628099,88.207967689032,5.000352170681433,0.006876031993274076,Rockaway Park,Queens
202,168,6088.58,36.241547619047616,82.22401810108947,33.177241192033755,0.03953779352716748,Roosevelt Island,Manhattan
203,235,10382.21,44.17961702127659,8.28438512826922,6.391983185526083,0.014346842602580975,Rosedale,Queens
204,3,245.66,81.88666666666667,3.41124808484999,1.6663520821186324,0.0,Rossville/Woodrow,Staten Island
205,575,20716.04,36.02789565217392,10.922533146889496,8.50492022412732,0.0012778013832477142,Saint Albans,Queens
206,6,377.69,62.94833333333333,6.378096194915174,2.7429880278815335,0.0,Saint George/New Brighton,Staten Island
207,67,4493.04,67.06029850746269,193.29460997697228,3.1870812856126003,0.16176132039898972,Saint Michaels Cemetery/Woodside,Queens
208,238,8836.36,37.12756302521009,32.340315667375044,21.173701124743463,0.01473272477266528,Schuylerville/Edgewater Park,Bronx
209,5379,152757.22,28.39881390593047,28.26096207777069,22.3655948176282,0.14675134156900282,Seaport,Manhattan
210,412,14265.369999999999,34.62468446601942,11.454942859856747,7.510956401724751,0.002053878923539033,Sheepshead Bay,Brooklyn
211,26646,621470.14,23.323205734444194,17.799142153611708,14.012886076805435,0.190450076273254,SoHo,Manhattan
212,353,11418.98,32.34838526912181,5.081238750734653,4.882342664636647,0.0036514148478459306,Soundview/Bruckner,Bronx
213,600,21180.81,35.30135,4.8407630752938235,4.854674154300222,0.00638116525638783,Soundview/Castle Hill,Bronx
214,23,799.86,34.77652173913044,4.500906915244996,3.313111144886073,0.0,South Beach/Dongan Hills,Staten Island
215,859,39689.32,46.20409778812573,20.979396782457595,4.801873011860631,0.033578379357031646,South Jamaica,Queens
216,1995,99715.95,49.98293233082707,315.1312702129367,7.726550015067647,0.04607242599947951,South Ozone Park,Queens
217,309,8995.46,29.111521035598702,31.39647890423788,27.47841788381818,0.027505040777409458,South Williamsburg,Brooklyn
218,460,17104.32,37.18330434782609,9.892446338486101,9.19119525014905,0.011158154788811643,Springfield Gardens North,Queens
219,647,41242.51,63.74421947449768,69.42524789351359,9.206882484505305,0.06729233247189623,Springfield Gardens South,Queens
220,230,7996.56,34.76765217391304,12.426304195294447,10.400522008902744,0.020143615586282183,Spuyten Duyvil/Kingsbridge,Bronx
221,28,1254.74,44.81214285714286,4.3069363590318614,3.719602018846438,0.0,Stapleton,Staten Island
222,506,16567.66,32.74241106719368,6.747817341639155,7.147256375675866,0.0008348758265146224,Starrett City,Brooklyn
223,881,37132.73,42.14838819523269,114.64125044121597,11.632744920003589,0.07663678052315809,Steinway,Queens
224,4891,109097.56999999999,22.30578000408914,26.04779229507881,19.9349408131928,0.12074476717917895,Stuy Town/Peter Cooper Village,Manhattan
225,1319,38301.03,29.037930250189536,29.323427373191464,25.62378053932028,0.008439501670131029,Stuyvesant Heights,Brooklyn
226,3167,117442.46,37.08318913798548,32.71710800350578,13.374997473820006,0.0652404522833894,Sunnyside,Queens
227,265,8039.97,30.339509433962267,15.591915540784685,14.980282362998855,0.0041923818846715,Sunset Park East,Brooklyn
228,732,24383.39,33.31064207650273,45.418275895039976,25.7608813523838,0.01449026093786544,Sunset Park West,Brooklyn
229,54401,1177923.75,21.652612084336685,12.935135834397622,10.130712244321522,0.21591986963032703,Sutton Place/Turtle Bay North,Manhattan
230,117306,3146705.72,26.824763609704537,14.174596406875306,9.446886750629588,0.20808710285256324,Times Sq/Theatre District,Manhattan
231,41813,1076688.09,25.75007987946333,22.966323403139594,15.98854887061326,0.19266492181418599,TriBeCa/Civic Center,Manhattan
232,5072,131228.5,25.873126971608833,19.263993937212742,15.363339276155989,0.0922379913704083,Two Bridges/Seward Park,Manhattan
233,33675,812214.94,24.119226132145506,17.398774156282947,12.78960738818456,0.19580329113309805,UN/Turtle Bay South,Manhattan
234,89629,1954109.77,21.802204308873243,14.575003205537252,11.036983735397264,0.21614716380470841,Union Sq,Manhattan
235,433,13689.01,31.61434180138568,13.869547404524347,11.652661608775118,0.006914039241627428,University Heights/Morris Heights,Bronx
236,148377,3012713.3,20.30444947667091,11.99620233216558,9.234217582421502,0.22349537964378363,Upper East Side North,Manhattan
237,156488,3110152.55,19.874703172128214,11.769984673428985,9.159150733297327,0.2309431110671809,Upper East Side South,Manhattan
238,64453,1345961.82,20.88284207096644,13.359945502755316,9.209401229691178,0.20855281721483768,Upper West Side North,Manhattan
239,91082,1928380.44,21.171915856041807,11.824366034390263,8.411274570289775,0.22235518306707341,Upper West Side South,Manhattan
240,32,1318.12,41.19125,89.92806248712374,63.92350289793669,0.006847194135490394,Van Cortlandt Park,Bronx
241,323,11465.7,35.49752321981424,12.41424978570006,12.299802533673978,0.002830688445011005,Van Cortlandt Village,Bronx
242,326,11040.01,33.86506134969325,23.49468553605391,20.87240947523539,0.004070456388642405,Van Nest/Morris Park,Bronx
243,899,26945.36,29.972591768631816,44.96714306186464,25.12498011868649,0.03076764086442054,Washington Heights North,Manhattan
244,2652,74757.71,28.18918174962293,49.586629691935116,30.51355724280824,0.0605184504553773,Washington Heights South,Manhattan
245,3,142.05,47.35,3.9917502896355046,5.679350721365694,0.0,West Brighton,Staten Island
246,59511,1411267.82,23.71440271546437,19.427019010582267,15.138466624596171,0.19797054323664182,West Chelsea/Hudson Yards,Manhattan
247,602,17606.86,29.247275747508308,31.28945418045113,28.47278320541527,0.008208240563837853,West Concourse,Bronx
248,298,10306.13,34.5843288590604,4.577947883343036,4.60391848145156,0.0009869719699960521,West Farms/Bronx River,Bronx
249,72478,1598991.36,22.061747840724085,11.941221072148066,8.689891164352535,0.2048264229179114,West Village,Manhattan
250,308,9843.15,31.958279220779218,16.604561723418676,15.487211009349293,0.004165870893812071,Westchester Village/Unionport,Bronx
251,9,369.22,41.02444444444445,4.255279417138084,3.3964703452947598,0.0,Westerleigh,Staten Island
252,138,4495.92,32.57913043478261,4.3760959632587895,3.561237427777435,0.007990312514485023,Whitestone,Queens
253,12,438.09,36.5075,11.572641407911073,2.7578849810326656,0.005733944954128441,Willets Point,Queens
254,513,19307.62,37.636686159844054,12.683829358580411,6.034792540363844,0.001153636573009046,Williamsbridge/Olinville,Bronx
255,2634,72280.02,27.44116173120729,17.178681564418714,9.323252021466283,0.05294812765763117,Williamsburg (North Side),Brooklyn
256,1915,54520.51,28.470240208877286,26.283240714694948,17.620038204509413,0.054802796029161785,Williamsburg (South Side),Brooklyn
257,210,7117.17,33.891285714285715,8.420992659868585,5.723032692776207,0.025491665662671956,Windsor Terrace,Brooklyn
258,615,18694.48,30.39752845528455,36.94806226324249,18.157103076640595,0.00360082439479857,Woodhaven,Queens
259,270,10570.24,39.14903703703703,30.62066244457527,6.217853719564195,0.005188019930439712,Woodlawn/Wakefield,Bronx
260,1105,37243.52,33.70454298642534,28.016643891218415,13.481207206097556,0.04754456549289985,Woodside,Queens
261,14876,454557.59,30.55643923097607,20.68866844561595,14.74615722653218,0.17083418174784284,World Trade Center,Manhattan
262,46095,987296.81,21.418739776548435,14.337384377855098,10.59302337451479,0.19616980651348218,Yorkville East,Manhattan
263,63398,1286086.85,20.285921480172878,14.652673198068852,9.998024486497943,0.21070333955321036,Yorkville West,Manhattan
264,7482,210366.41,28.116333867949745,16.843454067185487,6.6998474374249355,0.2159469319571552,,Unknown
265,544,43771.79,80.46284926470588,452.8921931182239,3.5731791797183976,7.46034971414474,Outside of NYC,
